﻿<?xml version="1.0" encoding="utf-8"?>
<animNode>
	<m_Name>sneakidleTrolley</m_Name>
	<m_AnimName>Bob_IdleSneak_Trolley_ArmRaise</m_AnimName>
	<m_deferredBoneAxis>Y</m_deferredBoneAxis>
	<m_SpeedScale>0.48</m_SpeedScale>
	<m_BlendTime>0.20</m_BlendTime>
	<m_Scalar>IdleSpeed</m_Scalar>
	<m_Scalar2>IdleSpeed</m_Scalar2>
	<m_Conditions>
		<m_Name>sneaking</m_Name>
		<m_Type>BOOL</m_Type>
		<m_BoolValue>true</m_BoolValue>
	</m_Conditions>
	<m_Conditions>
		<m_Name>Weapon</m_Name>
		<m_Type>STRING</m_Type>
		<m_StringValue>trolley</m_StringValue>
	</m_Conditions>
	<m_2DBlends referenceID="1">
		<m_AnimName>Bob_IdleSneak_Trolley_ArmRaise</m_AnimName>
		<m_XPos>0.00</m_XPos>
		<m_YPos>0.00</m_YPos>
		<m_SpeedScale>0.80</m_SpeedScale>
	</m_2DBlends>
	<m_2DBlends referenceID="2">
		<m_AnimName>Bob_IdleSneak_Trolley_ArmRaise</m_AnimName>
		<m_XPos>0.00</m_XPos>
		<m_YPos>1.00</m_YPos>
		<m_SpeedScale>0.80</m_SpeedScale>
	</m_2DBlends>
	<m_2DBlends referenceID="3">
		<m_AnimName>Bob_IdleSneak_Trolley_ArmRaise</m_AnimName>
		<m_XPos>0.00</m_XPos>
		<m_YPos>0.04</m_YPos>
		<m_SpeedScale>0.80</m_SpeedScale>
	</m_2DBlends>
	<m_2DBlendTri>
		<node1>1</node1>
		<node2>2</node2>
		<node3>3</node3>
	</m_2DBlendTri>
	<m_Transitions>
		<m_Target>sneakWalkTrolley</m_Target>
		<m_blendInTime>0.3</m_blendInTime>
		<m_blendOutTime>0.3</m_blendOutTime>
		<m_Conditions>
			<m_Name>isTurningAround</m_Name>
			<m_Type>BOOL</m_Type>
			<m_BoolValue>false</m_BoolValue>
		</m_Conditions>
	</m_Transitions>
	<m_Transitions>
		<m_Target>sneakRunTrolley</m_Target>
		<m_AnimName>Bob_RunSneak_Trolley</m_AnimName>
		<m_blendInTime>0.1</m_blendInTime>
	</m_Transitions>
	<m_Transitions>
		<m_Target>aim_trolley</m_Target>
		<m_AnimName>Bob_IdleSneak_Trolley_ArmRaise</m_AnimName>
		<m_blendInTime>0.5</m_blendInTime>
		<m_speedScale>1.5</m_speedScale>
	</m_Transitions>
	<m_Transitions>
		<m_Target>sprintTrolley</m_Target>
		<m_AnimName>Bob_WalkSneak_Trolley</m_AnimName>
		<m_blendInTime>0.5</m_blendInTime>
		<m_Conditions>
			<m_Name>isTurningAround</m_Name>
			<m_Type>BOOL</m_Type>
			<m_BoolValue>false</m_BoolValue>
		</m_Conditions>
	</m_Transitions>
	<m_Transitions>
		<m_Target>climbFenceStart</m_Target>
		<m_blendInTime>0.1</m_blendInTime>
	</m_Transitions>
	<m_Transitions>
		<m_Target>turn_idle_sneak</m_Target>
		<m_blendInTime>0.1</m_blendInTime>
	</m_Transitions>
	<m_Transitions>
		<m_Target>IdleTrolley</m_Target>
		<m_blendInTime>0.35</m_blendInTime>
		<m_blendOutTime>0.35</m_blendOutTime>
	</m_Transitions>
</animNode>