﻿<?xml version="1.0" encoding="utf-8"?>
<animNode>
	<m_Name>bmw1_forward</m_Name>
	<m_SpeedScale>1</m_SpeedScale>
	<m_AnimName>BMW2_Idle</m_AnimName>
	<m_BlendTime>0.0</m_BlendTime>
	<m_Conditions>
		<m_Name>ATVehicleType</m_Name>
		<m_Type>STRING</m_Type>
		<m_StringValue>BMW1</m_StringValue>
	</m_Conditions>
	<m_Transitions>
		<m_Target>bmw1_idle</m_Target>
		<m_AnimName>BMW2_Idle_to_IdleFoot</m_AnimName>
		<m_blendInTime>0.1</m_blendInTime>
		<m_speedScale>1</m_speedScale>
	</m_Transitions>
</animNode>