﻿<?xml version="1.0" encoding="utf-8"?>
<animNode>
	<m_Name>quad1_footidle</m_Name>
	<m_AnimName>QUAD1_IdleFoot</m_AnimName>
	<m_SpeedScale>1</m_SpeedScale>
	<m_BlendTime>0.0</m_BlendTime>
	<m_Conditions>
		<m_Name>ATVehicleType</m_Name>
		<m_Type>STRING</m_Type>
		<m_StringValue>QUAD1</m_StringValue>
	</m_Conditions>
    <m_Conditions>
		<m_Name>ATPassengerStatus</m_Name>
		<m_Type>STRING</m_Type>
		<m_StringValue>none</m_StringValue>
	</m_Conditions>
    <m_Conditions>
		<m_Type>OR</m_Type>
	</m_Conditions>
    <m_Conditions>
		<m_Name>ATVehicleType</m_Name>
		<m_Type>STRING</m_Type>
		<m_StringValue>QUAD1</m_StringValue>
	</m_Conditions>
    <m_Conditions>
		<m_Name>ATPassengerStatus</m_Name>
		<m_Type>STRING</m_Type>
		<m_StringValue>enter</m_StringValue>
	</m_Conditions>
     <m_Conditions>
		<m_Type>OR</m_Type>
	</m_Conditions>
    <m_Conditions>
		<m_Name>ATVehicleType</m_Name>
		<m_Type>STRING</m_Type>
		<m_StringValue>QUAD1</m_StringValue>
	</m_Conditions>
    <m_Conditions>
		<m_Name>ATPassengerStatus</m_Name>
		<m_Type>STRING</m_Type>
		<m_StringValue>exit</m_StringValue>
	</m_Conditions>
	<m_Transitions>
		<m_Target>quad1_idle</m_Target>
		<m_AnimName>QUAD1_IdleFoot_to_Idle</m_AnimName>
		<m_speedScale>2.0</m_speedScale>
	</m_Transitions>
</animNode>