﻿<?xml version="1.0" encoding="utf-8"?>
<animNode>
	<m_Name>wave1_footidle</m_Name>
	<m_AnimName>WAVE2_IdleFoot</m_AnimName>
	<m_SpeedScale>1</m_SpeedScale>
	<m_BlendTime>0.0</m_BlendTime>
	<m_Conditions>
		<m_Name>ATVehicleType</m_Name>
		<m_Type>STRING</m_Type>
		<m_StringValue>WAVE1</m_StringValue>
	</m_Conditions>
	<m_Conditions>
		<m_Name>ATPassengerStatus</m_Name>
		<m_Type>STRING</m_Type>
		<m_StringValue>none</m_StringValue>
	</m_Conditions>
	<m_Transitions>
		<m_Target>wave1_idle</m_Target>
		<m_AnimName>WAVE2_IdleFoot_to_Idle</m_AnimName>
		<m_speedScale>2.0</m_speedScale>
	</m_Transitions>
</animNode>