<?xml version="1.0" encoding="utf-8"?>
<fileGuidTable>
	<files>
		<path>media/clothing/clothingItems/HCFiresuit.xml</path>
		<guid>6b9416a3-8075-43e4-8568-3720b15485dd</guid>
	</files>
	<files>
		<path>media/clothing/clothingItems/HCBlacksmithapron.xml</path>
		<guid>9ea18f3a-3e7c-410d-af5b-21adfad4339d</guid>
	</files>
	<files>
		<path>media/clothing/clothingItems/HCJAcketCowFur.xml</path>
		<guid>55e2e753-900e-4059-aa45-a480d3cc9186</guid>
	</files>
	<files>
		<path>media/clothing/clothingItems/HCShirtLinen.xml</path>
		<guid>12a3c8f0-a2c4-4322-8a79-32be9e20e541</guid>
	</files>
	<files>
		<path>media/clothing/clothingItems/HCShirtLinenWired.xml</path>
		<guid>56aac0d8-07b8-481a-bc72-5775b1e31a78</guid>
	</files>
	<files>
		<path>media/clothing/clothingItems/HCShirtLinenAlu.xml</path>
		<guid>f220bc37-c924-4d53-ae88-6556f1af1ec8</guid>
	</files>
	<files>
		<path>media/clothing/clothingItems/HCSweaterWool.xml</path>
		<guid>2c6872a9-a0f8-4497-9dd7-0638d688c789</guid>
	</files>
	<files>
		<path>media/clothing/clothingItems/HCHydroshirt.xml</path>
		<guid>8de38edf-6545-4932-b746-8d8b8f4de21b</guid>
	</files>
	<files>
		<path>media/clothing/clothingItems/HCPackDog.xml</path>
		<guid>572b307a-3170-4149-ae7d-0a4bfe85b763</guid>
	</files>
	<files>
		<path>media/clothing/clothingItems/HCPackHorse.xml</path>
		<guid>0cdd1ecf-9477-4dd6-95a7-a3fceea818ec</guid>
	</files>
	<files>
		<path>media/clothing/clothingItems/HCPackFineAlice.xml</path>
		<guid>e0b82ee7-1716-4062-a517-7f11ec656387</guid>
	</files>
	<files>
		<path>media/clothing/clothingItems/HCPackFineAliceLHand.xml</path>
		<guid>0c40a41d-c1c6-4f93-a6b4-3a4e82b71146</guid>
	</files>
	<files>
		<path>media/clothing/clothingItems/HCPackFineAliceRHand.xml</path>
		<guid>e6a97f57-9b69-424a-9647-76806207993f</guid>
	</files>
	<files>
		<path>media/clothing/clothingItems/HCGlovesHardLeather.xml</path>
		<guid>a191c722-69cf-48f0-a82b-aabd95152f8e</guid>
	</files>
	<files>
		<path>media/clothing/clothingItems/HCPantsLinen.xml</path>
		<guid>8182721c-1ca4-4078-995c-0c3d7004e7e8</guid>
	</files>
	<files>
		<path>media/clothing/clothingItems/HCPantsLeather.xml</path>
		<guid>e17ba10e-1113-4928-a9ee-5f90ad26fff5</guid>
	</files>
	<files>
		<path>media/clothing/clothingItems/HCPantsLeatherHard.xml</path>
		<guid>7350705d-5fae-4329-ac92-d19da5ce1d63</guid>
	</files>
		<files>
		<path>media/clothing/clothingItems/HCPantsLinenWired.xml</path>
		<guid>ca5f73ef-cc6b-4736-8cce-9617a8b3a208</guid>
	</files>
	<files>
		<path>media/clothing/clothingItems/HCPantsLinenAlu.xml</path>
		<guid>02db2538-9650-4579-80a3-36847d264f49</guid>
	</files>


	
</fileGuidTable>