﻿<?xml version="1.0" encoding="utf-8"?>
<animNode>
	<m_Name>aim_trolley</m_Name>
	<m_AnimName>Bob_IdleSneak_Trolley_ArmRaise</m_AnimName>
	<m_Priority>4</m_Priority>
	<m_deferredBoneAxis>Y</m_deferredBoneAxis>
	<m_SyncTrackingEnabled>false</m_SyncTrackingEnabled>
	<m_SpeedScale>IdleSpeed</m_SpeedScale>
	<m_BlendTime>0.30</m_BlendTime>
	<m_maxTorsoTwist>70.0</m_maxTorsoTwist>
	<m_Conditions>
		<m_Name>Weapon</m_Name>
		<m_Type>STRING</m_Type>
		<m_StringValue>trolley</m_StringValue>
	</m_Conditions>
	<m_Transitions>
		<m_Target>IdleTrolley</m_Target>
		<m_AnimName>Bob_IdleSneak_Trolley_ArmRaise</m_AnimName>
		<m_blendInTime>0.3</m_blendInTime>
		<m_blendOutTime>0.3</m_blendOutTime>
		<m_speedScale>1.2</m_speedScale>
	</m_Transitions>
	<m_Transitions>
		<m_Target>sneakIdleTrolley</m_Target>
		<m_AnimName>Bob_IdleSneak_Trolley_ArmRaise</m_AnimName>
		<m_blendInTime>0.3</m_blendInTime>
		<m_blendOutTime>0.3</m_blendOutTime>
		<m_speedScale>1.2</m_speedScale>
	</m_Transitions>
	<m_Transitions>
		<m_Target>sneakIdleLowTrolley</m_Target>
		<m_AnimName>Bob_IdleSneak_Trolley_ArmRaise</m_AnimName>
		<m_blendInTime>0.3</m_blendInTime>
		<m_blendOutTime>0.3</m_blendOutTime>
		<m_speedScale>1.2</m_speedScale>
	</m_Transitions>
</animNode>