﻿<?xml version="1.0" encoding="utf-8"?>
<animNode>
	<m_Name>AttachItem_Back</m_Name>
	<m_AnimName>Bob_Equip_Rifle_Back</m_AnimName>
	<m_deferredBoneAxis>Y</m_deferredBoneAxis>
	<m_Looped>false</m_Looped>
	<m_SpeedScale>0.80</m_SpeedScale>
	<m_BlendTime>0.20</m_BlendTime>
	<m_Conditions>
		<m_Name>PerformingAction</m_Name>
		<m_Type>STRING</m_Type>
		<m_StringValue>AttachItem</m_StringValue>
	</m_Conditions>
	<m_Conditions>
		<m_Name>AttachAnim</m_Name>
		<m_Type>STRING</m_Type>
		<m_StringValue>back</m_StringValue>
	</m_Conditions>
    <m_Conditions>
		<m_Name>ATVehicleType</m_Name>
		<m_Type>STRING</m_Type>
		<m_StringValue>BMW0</m_StringValue>
	</m_Conditions>
    <m_SubStateBoneWeights>
		<boneName>Bip01_Spine1</boneName>
		<weight>0.00</weight>
		<includeDescendants>false</includeDescendants>
	</m_SubStateBoneWeights>
	<m_SubStateBoneWeights>
		<boneName>Bip01_L_Clavicle</boneName>
		<weight>0.00</weight>
	</m_SubStateBoneWeights>
	<m_SubStateBoneWeights>
		<boneName>Bip01_R_Clavicle</boneName>
	</m_SubStateBoneWeights>
	<m_SubStateBoneWeights>
		<boneName>Bip01_R_UpperArm</boneName>
	</m_SubStateBoneWeights>
	<m_SubStateBoneWeights>
		<boneName>Bip01_R_Forearm</boneName>
	</m_SubStateBoneWeights>
	<m_SubStateBoneWeights>
		<boneName>Bip01_R_Hand</boneName>
	</m_SubStateBoneWeights>
	<m_SubStateBoneWeights>
		<boneName>Bip01_R_Finger0</boneName>
	</m_SubStateBoneWeights>
	<m_SubStateBoneWeights>
		<boneName>Bip01_R_Finger1</boneName>
	</m_SubStateBoneWeights>
	<m_SubStateBoneWeights>
		<boneName>Bip01_Neck</boneName>
		<includeDescendants>false</includeDescendants>
	</m_SubStateBoneWeights>
	<m_SubStateBoneWeights>
		<boneName>Bip01_Head</boneName>
	</m_SubStateBoneWeights>
	<m_SubStateBoneWeights>
		<boneName>Bip01_Prop1</boneName>
        <weight>1.00</weight>
	</m_SubStateBoneWeights>
	<m_Events>
		<m_EventName>attachConnect</m_EventName>
		<m_TimePc>0.5</m_TimePc>
		<m_ParameterValue></m_ParameterValue>
	</m_Events>
</animNode>