﻿<?xml version="1.0" encoding="utf-8"?>
<animNode x_extends="default-fallback.xml">
	<m_Name>default-fallbackWAVE0</m_Name>
	<m_AnimName>Bob_IdleLooting_Mid</m_AnimName>
	<m_Looped>true</m_Looped>
	<m_UpperOnly>false</m_UpperOnly>
	<m_SyncTrackingEnabled>false</m_SyncTrackingEnabled>
	<m_EarlyBlendOut>false</m_EarlyBlendOut>
	<m_SpeedScale>1.00</m_SpeedScale>
	<m_BlendTime>0.20</m_BlendTime>
	<m_Scalar></m_Scalar>
	<m_Scalar2></m_Scalar2>
    <m_Conditions>
		<m_Name>ATVehicleType</m_Name>
		<m_Type>STRING</m_Type>
		<m_StringValue>WAVE0</m_StringValue>
	</m_Conditions>
    <m_SubStateBoneWeights>
		<boneName>Bip01_Spine</boneName>
		<weight>0.25</weight>
		<includeDescendants>false</includeDescendants>
	</m_SubStateBoneWeights>
	<m_SubStateBoneWeights>
		<boneName>Bip01_Spine1</boneName>
		<weight>0.00</weight>
		<includeDescendants>false</includeDescendants>
	</m_SubStateBoneWeights>
	<m_SubStateBoneWeights>
		<boneName>Bip01_R_Clavicle</boneName>
		<weight>0.00</weight>
	</m_SubStateBoneWeights>
	<m_SubStateBoneWeights>
		<boneName>Bip01_L_Clavicle</boneName>
	</m_SubStateBoneWeights>
	<m_SubStateBoneWeights>
		<boneName>Bip01_L_UpperArm</boneName>
	</m_SubStateBoneWeights>
	<m_SubStateBoneWeights>
		<boneName>Bip01_L_Forearm</boneName>
	</m_SubStateBoneWeights>
	<m_SubStateBoneWeights>
		<boneName>Bip01_L_Hand</boneName>
	</m_SubStateBoneWeights>
	<m_SubStateBoneWeights>
		<boneName>Bip01_L_Finger0</boneName>
	</m_SubStateBoneWeights>
	<m_SubStateBoneWeights>
		<boneName>Bip01_L_Finger1</boneName>
	</m_SubStateBoneWeights>
	<m_SubStateBoneWeights>
		<boneName>Bip01_Neck</boneName>
		<includeDescendants>false</includeDescendants>
	</m_SubStateBoneWeights>
	<m_SubStateBoneWeights>
		<boneName>Bip01_Head</boneName>
	</m_SubStateBoneWeights>
	<m_SubStateBoneWeights>
		<boneName>Bip01_Prop2</boneName>
        <weight>1.00</weight>
	</m_SubStateBoneWeights>
</animNode>