﻿<?xml version="1.0" encoding="utf-8"?>
<animNode x_extends="Eat.xml">
	<m_Name>Eat1HandBWM0</m_Name>
	<m_AnimName>Bob_IdleEating1Hand</m_AnimName>
    <m_Conditions />
    <m_Conditions>
		<m_Name>ATVehicleType</m_Name>
		<m_Type>STRING</m_Type>
		<m_StringValue>BMW0</m_StringValue>
	</m_Conditions>
	<m_SubStateBoneWeights>
		<boneName>Bip01_Spine</boneName>
		<weight>0.25</weight>
		<includeDescendants>false</includeDescendants>
	</m_SubStateBoneWeights>
	<m_SubStateBoneWeights>
		<boneName>Bip01_Spine1</boneName>
		<weight>0.00</weight>
		<includeDescendants>false</includeDescendants>
	</m_SubStateBoneWeights>
	<m_SubStateBoneWeights>
		<boneName>Bip01_R_Clavicle</boneName>
		<weight>0.00</weight>
	</m_SubStateBoneWeights>
	<m_SubStateBoneWeights>
		<boneName>Bip01_L_Clavicle</boneName>
	</m_SubStateBoneWeights>
	<m_SubStateBoneWeights>
		<boneName>Bip01_L_UpperArm</boneName>
	</m_SubStateBoneWeights>
	<m_SubStateBoneWeights>
		<boneName>Bip01_L_Forearm</boneName>
	</m_SubStateBoneWeights>
	<m_SubStateBoneWeights>
		<boneName>Bip01_L_Hand</boneName>
	</m_SubStateBoneWeights>
	<m_SubStateBoneWeights>
		<boneName>Bip01_L_Finger0</boneName>
	</m_SubStateBoneWeights>
	<m_SubStateBoneWeights>
		<boneName>Bip01_L_Finger1</boneName>
	</m_SubStateBoneWeights>
	<m_SubStateBoneWeights>
		<boneName>Bip01_Neck</boneName>
		<includeDescendants>false</includeDescendants>
	</m_SubStateBoneWeights>
	<m_SubStateBoneWeights>
		<boneName>Bip01_Head</boneName>
	</m_SubStateBoneWeights>
	<m_SubStateBoneWeights>
		<boneName>Bip01_Prop2</boneName>
        <weight>1.00</weight>
	</m_SubStateBoneWeights>
</animNode>