﻿<?xml version="1.0" encoding="utf-8"?>
<clothingItem>
	<m_MaleModel>clothing\HCJacket_m</m_MaleModel>
	<m_FemaleModel>clothing\HCJacket_f</m_FemaleModel>
	<m_GUID>55e2e753-900e-4059-aa45-a480d3cc9186</m_GUID>
	<m_Static>false</m_Static>
	<m_AllowRandomHue>false</m_AllowRandomHue>
	<m_AllowRandomTint>false</m_AllowRandomTint>
	<m_AttachBone></m_AttachBone>
	<m_Masks>13</m_Masks>
	<m_Masks>3</m_Masks>
	<m_Masks>5</m_Masks>
	<m_UnderlayMasksFolder>media/textures/clothing/MaskJacket</m_UnderlayMasksFolder>
	<textureChoices>clothing\HCJacketCowFur</textureChoices>
</clothingItem>