﻿<?xml version="1.0" encoding="utf-8"?>
<animNode>
	<m_Name>lie_loop_wo</m_Name>
	<m_AnimName>Bob_Awake_new</m_AnimName>
	<m_deferredBoneAxis>Y</m_deferredBoneAxis>
	<m_SyncTrackingEnabled>false</m_SyncTrackingEnabled>
	<m_SpeedScale>0.50</m_SpeedScale>
	<m_BlendTime>0.20</m_BlendTime>
	<m_Conditions>
		<m_Name>SitGroundAnim</m_Name>
		<m_Type>STRING</m_Type>
		<m_StringValue>Idle</m_StringValue>
	</m_Conditions>
	<m_Conditions>
		<m_Name>SitWOAnim</m_Name>
		<m_Type>STRING</m_Type>
		<m_StringValue>OnBed</m_StringValue>
	</m_Conditions>
	<m_Events>
		<m_EventName>BlockTurn</m_EventName>
		<m_Time>Start</m_Time>
		<m_ParameterValue>TRUE</m_ParameterValue>
	</m_Events>
	<m_Events>
		<m_EventName>BlockMovement</m_EventName>
		<m_Time>End</m_Time>
		<m_ParameterValue>TRUE</m_ParameterValue>
	</m_Events>
	<m_Transitions>
		<m_Target>sleep_loop</m_Target>
		<m_AnimName>Bob_AwakeToAsleep_new</m_AnimName>
		<m_blendInTime>0.0</m_blendInTime>
		<!-- <m_blendOutTime>2.00</m_blendOutTime> -->
		<m_speedScale>1.0</m_speedScale>
	</m_Transitions>
</animNode>