﻿<?xml version="1.0" encoding="utf-8"?>
<animNode>
	<m_Name>lie_rubhands_reverso</m_Name>
	<m_AnimName>Bob_Awake_reverso_E</m_AnimName>
	<m_deferredBoneAxis>Y</m_deferredBoneAxis>
	<m_Looped>false</m_Looped>
	<m_SyncTrackingEnabled>false</m_SyncTrackingEnabled>
	<m_SpeedScale>0.80</m_SpeedScale>
	<m_BlendTime>0.20</m_BlendTime>
	<m_Conditions>
		<m_Name>SitGroundAnim</m_Name>
		<m_Type>STRING</m_Type>
		<m_StringValue>rubhands</m_StringValue>
	</m_Conditions>
	<m_Conditions>
		<m_Name>SitWOAnim</m_Name>
		<m_Type>STRING</m_Type>
		<m_StringValue>OnBedReversoE</m_StringValue>
	</m_Conditions>
	<m_Events>
		<m_EventName>ResetSitOnGroundAnim</m_EventName>
		<m_Time>End</m_Time>
		<m_ParameterValue></m_ParameterValue>
	</m_Events>
	<m_Transitions>
		<m_Target>sleep_rubhands_reverso</m_Target>
		<m_AnimName>Bob_AwakeToAsleep_reverso_E</m_AnimName>
		<m_blendInTime>0.0</m_blendInTime>
		<!-- <m_blendOutTime>2.00</m_blendOutTime> -->
		<m_speedScale>1.0</m_speedScale>
	</m_Transitions>
</animNode>