﻿<?xml version="1.0" encoding="utf-8"?>
<animNode>
	<m_Name>lie_warmhands_reverso_S</m_Name>
	<m_AnimName>Bob_Awake_reverso_S</m_AnimName>
	<m_deferredBoneAxis>Y</m_deferredBoneAxis>
	<m_SyncTrackingEnabled>false</m_SyncTrackingEnabled>
	<m_SpeedScale>0.38</m_SpeedScale>
	<m_BlendTime>0.40</m_BlendTime>
	<m_Conditions>
		<m_Name>SitGroundAnim</m_Name>
		<m_Type>STRING</m_Type>
		<m_StringValue>WarmHands</m_StringValue>
	</m_Conditions>
	<m_Conditions>
		<m_Name>SitWOAnim</m_Name>
		<m_Type>STRING</m_Type>
		<m_StringValue>OnBedReversoS</m_StringValue>
	</m_Conditions>
	<m_Transitions>
		<m_Target>sleep_warmhands_reverso_S</m_Target>
		<m_AnimName>Bob_AwakeToAsleep_reverso_S</m_AnimName>
		<m_blendInTime>0.0</m_blendInTime>
		<!-- <m_blendOutTime>2.00</m_blendOutTime> -->
		<m_speedScale>1.0</m_speedScale>
	</m_Transitions>
</animNode>