﻿<?xml version="1.0" encoding="utf-8"?>
<animNode>
	<m_Name>sit_loop_wo</m_Name>
	<m_AnimName>Bob_SittingChair</m_AnimName>
	<m_deferredBoneAxis>Y</m_deferredBoneAxis>
	<m_SyncTrackingEnabled>false</m_SyncTrackingEnabled>
	<m_SpeedScale>0.50</m_SpeedScale>
	<m_BlendTime>0.20</m_BlendTime>
	<m_Conditions>
		<m_Name>SitGroundAnim</m_Name>
		<m_Type>STRING</m_Type>
		<m_StringValue>Idle</m_StringValue>
	</m_Conditions>
	<m_Conditions>
		<m_Name>SitWOAnim</m_Name>
		<m_Type>STRING</m_Type>
		<m_StringValue>Idle</m_StringValue>
	</m_Conditions>
	<m_Events>
		<m_EventName>BlockMovement</m_EventName>
		<m_Time>Start</m_Time>
		<m_ParameterValue>True</m_ParameterValue>
	</m_Events>
	<m_Events>
		<m_EventName>BlockMovement</m_EventName>
		<m_Time>End</m_Time>
		<m_ParameterValue>False</m_ParameterValue>
	</m_Events>
</animNode>