﻿<?xml version="1.0" encoding="utf-8"?>
<animNode>
	<m_Name>fromSitOnGround_wo</m_Name>
	<m_AnimName>Bob_SittingChair</m_AnimName>
	<m_deferredBoneAxis>Y</m_deferredBoneAxis>
	<m_Looped>false</m_Looped>
	<m_EarlyTransitionOut>true</m_EarlyTransitionOut>
	<m_SpeedScale>1.28</m_SpeedScale>
	<m_BlendTime>0.20</m_BlendTime>
	<m_Conditions>
		<m_Name>sitonground</m_Name>
		<m_Type>BOOL</m_Type>
		<m_BoolValue>true</m_BoolValue>
	</m_Conditions>
	<m_Conditions>
		<m_Name>SitWOAnim</m_Name>
		<m_Type>STRING</m_Type>
		<m_StringValue>Idle</m_StringValue>
	</m_Conditions>
	<m_Events>
		<m_EventName>SetVariable</m_EventName>
		<m_Time>End</m_Time>
		<m_ParameterValue>SitWOAnim=GetUp</m_ParameterValue>
	</m_Events>
</animNode>