<?xml version="1.0" encoding="utf-8"?>
<clothingItem>
	<m_MaleModel>skinned\clothes\bob_hoodiedown</m_MaleModel>
	<m_FemaleModel>skinned\clothes\kate_hoodiedown</m_FemaleModel>
	<m_GUID>cb9432e5-0ef3-4375-a139-d1830cd81b43</m_GUID>
	<m_Static>false</m_Static>
	<m_AllowRandomHue>false</m_AllowRandomHue>
	<m_AllowRandomTint>false</m_AllowRandomTint>
	<m_AttachBone></m_AttachBone>
	<m_Masks>13</m_Masks>
	<m_Masks>14</m_Masks>
	<m_Masks>3</m_Masks>
	<m_Masks>5</m_Masks>
	<m_UnderlayMasksFolder>media/textures/Clothes/Jacket/Masks</m_UnderlayMasksFolder>
	<textureChoices>clothes\shirt_tshirt_textures\HoodieDOWN_OshkoshGray</textureChoices>
</clothingItem>