﻿<?xml version="1.0" encoding="utf-8"?>
<clothingItem>
	<m_MaleModel>skinned\clothes\bob_hoodieup</m_MaleModel>
	<m_FemaleModel>skinned\clothes\kate_hoodieup</m_FemaleModel>
	<m_GUID>8fa7d914-6cff-4289-83bd-8182e4597499</m_GUID>
	<m_Static>false</m_Static>
	<m_AllowRandomHue>false</m_AllowRandomHue>
	<m_AllowRandomTint>false</m_AllowRandomTint>
	<m_AttachBone></m_AttachBone>
	<m_HatCategory>nohair</m_HatCategory>
	<m_Masks>13</m_Masks>
	<m_Masks>14</m_Masks>
	<m_Masks>3</m_Masks>
	<m_Masks>5</m_Masks>
	<m_UnderlayMasksFolder>media/textures/Clothes/Jacket/Masks</m_UnderlayMasksFolder>
	<textureChoices>clothes\shirt_tshirt_textures\Hoodie_OshkoshBlack</textureChoices>
</clothingItem>