﻿<?xml version="1.0" encoding="utf-8"?>
<animNode>
	<m_Name>inTreesTrolley</m_Name>
	<m_AnimName>Bob_WalkSneakTrees_Trolley</m_AnimName>
	<m_deferredBoneAxis>Y</m_deferredBoneAxis>
	<m_SpeedScale>0.80</m_SpeedScale>
	<m_BlendTime>0.20</m_BlendTime>
	<m_Conditions>
		<m_Name>intrees</m_Name>
		<m_Type>BOOL</m_Type>
		<m_BoolValue>true</m_BoolValue>
	</m_Conditions>
	<m_Conditions>
		<m_Name>Weapon</m_Name>
		<m_Type>STRING</m_Type>
		<m_StringValue>trolley</m_StringValue>
	</m_Conditions>
	<m_Events>
		<m_EventName>Footstep</m_EventName>
		<m_TimePc>0.15</m_TimePc>
		<m_ParameterValue>walk</m_ParameterValue>
	</m_Events>
	<m_Events>
		<m_EventName>Footstep</m_EventName>
		<m_TimePc>0.6</m_TimePc>
		<m_ParameterValue>walk</m_ParameterValue>
	</m_Events>
	<m_Events>
		<m_EventName>DamageWhileInTrees</m_EventName>
		<m_TimePc>0.5</m_TimePc>
		<m_ParameterValue></m_ParameterValue>
	</m_Events>
</animNode>