﻿<?xml version="1.0" encoding="utf-8"?>
<animNode>
	<m_Name>harley0_enter</m_Name>
	<m_AnimName>HARLEY_Enter</m_AnimName>
	<m_Looped>false</m_Looped>
	<m_UpperOnly>false</m_UpperOnly>
	<m_EarlyBlendOut>false</m_EarlyBlendOut>
	<m_SpeedScale>2.00</m_SpeedScale>
	<m_BlendTime>0.00</m_BlendTime>
	<m_Scalar></m_Scalar>
	<m_Scalar2></m_Scalar2>
	<m_Conditions>
		<m_Name>ATVehicleType</m_Name>
		<m_Type>STRING</m_Type>
		<m_StringValue>HARLEY0</m_StringValue>
	</m_Conditions>
    <m_Transitions>
		<m_Target>harley0_idle</m_Target>
        <m_blendInTime>0.3</m_blendInTime>
		<m_blendOutTime>0.3</m_blendOutTime>
	</m_Transitions>
    <m_Transitions>
		<m_Target>harley0_forward</m_Target>
		<m_blendInTime>0.3</m_blendInTime>
		<m_blendOutTime>0.3</m_blendOutTime>
	</m_Transitions>
	<m_Events>
		<m_EventName>SetVariable</m_EventName>
		<m_Time>End</m_Time>
		<m_ParameterValue>EnterAnimationFinished=true</m_ParameterValue>
	</m_Events>
</animNode>