﻿<?xml version="1.0" encoding="utf-8"?>
<animNode>
	<m_Name>lie_in_wo_reverso</m_Name>
	<m_AnimName>Bob_GetInBed_reverso_E</m_AnimName>
	<m_deferredBoneAxis>Y</m_deferredBoneAxis>
	<m_Looped>false</m_Looped>
	<m_SyncTrackingEnabled>true</m_SyncTrackingEnabled>
	<m_EarlyTransitionOut>true</m_EarlyTransitionOut>
	<m_BlendTime>0.00</m_BlendTime>
	<m_Events>
		<m_EventName>SitGroundStarted</m_EventName>
		<m_Time>End</m_Time>
		<m_ParameterValue></m_ParameterValue>
	</m_Events>
	<m_Events>
		<m_EventName>SetVariable</m_EventName>
		<m_Time>Start</m_Time>
		<m_ParameterValue>Position=Start</m_ParameterValue>
	</m_Events>
	<m_Events>
		<m_EventName>SetVariable</m_EventName>
		<m_Time>End</m_Time>
		<m_ParameterValue>Position=Save</m_ParameterValue>
	</m_Events>
	<m_Conditions>
		<m_Name>SitWOAnim</m_Name>
		<m_Type>STRING</m_Type>
		<m_StringValue>OnBedReversoE</m_StringValue>
	</m_Conditions>
</animNode>