﻿<?xml version="1.0" encoding="utf-8"?>
<animNode>
	<m_Name>sit_warmhands</m_Name>
	<m_AnimName>Bob_SittingChair</m_AnimName>
	<m_deferredBoneAxis>Y</m_deferredBoneAxis>
	<m_SyncTrackingEnabled>false</m_SyncTrackingEnabled>
	<m_SpeedScale>0.38</m_SpeedScale>
	<m_BlendTime>0.40</m_BlendTime>
	<m_Conditions>
		<m_Name>SitGroundAnim</m_Name>
		<m_Type>STRING</m_Type>
		<m_StringValue>WarmHands</m_StringValue>
	</m_Conditions>
	<m_Conditions>
		<m_Name>SitWOAnim</m_Name>
		<m_Type>STRING</m_Type>
		<m_StringValue>Idle</m_StringValue>
	</m_Conditions>
</animNode>